1791532793.825,71,12
1791532793.825,98902,12
1791532793.825,98932,9
1791532793.825,98962,12
1791532793.825,98992,11
1791532793.825,99022,13
1791532793.825,99052,12
1791532793.825,99082,11
1791532793.825,99112,8
1791532793.825,99142,12
1791532793.825,99172,11
1791532793.825,99202,13
1791532793.825,99232,12
1791532793.825,98871,12
1791532793.825,98902,12
1791532793.825,98932,9
1791532793.825,98962,12
1791532793.826,98992,11
1791532793.826,99022,13
1791532793.826,99052,12
1791532793.826,99082,11
1791532793.826,99112,8
1791532793.826,99142,12
1791532793.826,99172,11
1791532793.826,99202,13
1791532793.826,99232,12
1791532793.826,98871,12
1791532793.826,98902,12
1791532793.826,98932,9
1791532793.826,98962,12
1791532793.827,98992,11
1791532793.827,99022,13
1791532793.827,99052,12
1791532793.827,99082,11
1791532793.827,99112,8
1791532793.827,99142,12
1791532793.827,99172,11
1791532793.827,99202,13
1791532793.827,99232,12
1791532795.507,t_ms,level
1791532795.532,30,10
1791532795.561,60,11
1791532795.590,90,11
1791532795.622,120,12
1791532795.651,150,12
1791532795.684,180,12
1791532795.713,210,9
1791532795.741,240,10
1791532795.774,270,12
1791532795.802,300,13
1791532795.831,330,12
1791532795.864,360,13
1791532795.892,390,10
1791532795.921,420,7
1791532795.954,450,11
1791532795.983,480,11
1791532796.011,510,11
1791532796.044,540,12
1791532796.073,570,12
1791532796.101,600,9
1791532796.130,630,8
1791532796.163,660,12
1791532796.192,690,12
1791532796.224,720,13
1791532796.253,750,22
1791532796.282,780,20
1791532796.314,811,25
1791532796.343,841,21
1791532796.372,871,29
1791532796.405,901,25
1791532796.433,931,29
1791532796.462,961,32
1791532796.491,991,27
1791532796.523,1021,18
1791532796.552,1051,25
1791532796.585,1081,27
1791532796.613,1111,47
1791532796.642,1141,30
1791532796.675,1171,33
1791532796.703,1201,19
1791532796.732,1231,20
1791532796.765,1261,24
1791532796.794,1291,31
1791532796.822,1321,32
1791532796.855,1351,31
1791532796.884,1381,32
1791532796.913,1411,24
1791532796.945,1441,22
1791532796.974,1471,31
1791532797.002,1501,34
1791532797.035,1531,33
1791532797.064,1561,30
1791532797.092,1591,28
1791532797.125,1622,21
1791532797.154,1652,28
1791532797.183,1682,33
1791532797.215,1712,55
1791532797.244,1742,41
1791532797.273,1772,50
1791532797.306,1802,26
1791532797.334,1832,33
1791532797.363,1862,44
1791532797.396,1892,41
1791532797.424,1922,37
1791532797.453,1952,38
1791532797.486,1982,40
1791532797.514,2012,37
1791532797.543,2042,36
1791532797.576,2072,49
1791532797.604,2102,56
1791532797.633,2132,53
1791532797.666,2162,51
1791532797.695,2192,80
1791532797.723,2222,53
1791532797.752,2252,46
1791532797.785,2282,53
1791532797.814,2312,75
1791532797.842,2342,64
1791532797.875,2372,64
1791532797.904,2402,55
1791532797.932,2432,45
1791532797.965,2462,54
1791532797.994,2492,87
1791532798.022,2522,68
1791532798.055,2552,118
1791532798.084,2582,62
1791532798.112,2612,56
1791532798.145,2642,48
1791532798.174,2672,56
1791532798.202,2702,281
1791532798.235,2732,182
1791532798.264,2762,179
1791532798.292,2792,148
1791532798.325,2822,101
1791532798.354,2852,150
1791532798.383,2882,170
1791532798.415,2912,200
1791532798.444,2942,99
1791532798.473,2972,178
1791532798.506,3002,119
1791532798.534,3032,32
1791532798.563,3062,31
1791532798.592,3092,58
1791532798.624,3122,56
1791532798.653,3152,71
1791532798.682,3182,59
1791532798.714,3212,49
1791532798.743,3243,53
1791532798.776,3273,472
1791532798.804,3303,150
1791532798.833,3333,205
1791532798.866,3363,165
1791532798.895,3393,154
1791532798.924,3423,114
1791532798.956,3453,139
1791532798.985,3483,159
1791532799.014,3513,197
1791532799.042,3543,184
1791532799.075,3573,188
1791532799.104,3603,114
1791532799.133,3633,91
1791532799.165,3663,108
1791532799.194,3693,145
1791532799.222,3723,205
1791532799.255,3753,62
1791532799.284,3783,55
1791532799.312,3813,42
1791532799.341,3843,49
1791532799.374,3873,44
1791532799.402,3903,48
1791532799.435,3933,347
1791532799.464,3963,223
1791532799.493,3993,157
1791532799.525,4023,112
1791532799.554,4054,175
1791532799.587,4084,151
1791532799.616,4114,205
1791532799.645,4144,274
1791532799.677,4174,226
1791532799.706,4204,142
1791532799.734,4234,128
1791532799.767,4264,152
1791532799.796,4294,201
1791532799.824,4324,219
1791532799.853,4354,192
1791532799.886,4384,139
1791532799.914,4414,137
1791532799.943,4444,97
1791532799.976,4474,137
1791532800.004,4504,174
1791532800.033,4534,46
1791532800.062,4564,84
1791532800.095,4594,44
1791532800.123,4624,40
1791532800.152,4654,43
1791532800.185,4684,39
1791532800.214,4714,44
1791532800.242,4744,113
1791532800.275,4774,128
1791532800.304,4804,92
1791532800.332,4834,63
1791532800.361,4864,59
1791532800.394,4894,77
1791532800.422,4924,82
1791532800.451,4954,84
1791532800.484,4984,51
1791532800.512,5014,47
1791532800.541,5044,49
1791532800.574,5074,50
1791532800.603,5104,56
1791532800.631,5134,55
1791532800.664,5164,57
1791532800.693,5194,62
1791532800.722,5224,55
1791532800.754,5254,44
1791532800.783,5284,56
1791532800.812,5314,87
1791532800.844,5344,55
1791532800.873,5374,244
1791532800.905,5404,113
1791532800.934,5434,106
1791532800.963,5464,104
1791532800.996,5494,120
1791532801.024,5524,125
1791532801.053,5554,168
1791532801.086,5584,139
1791532801.114,5614,146
1791532801.143,5644,117
1791532801.176,5675,137
1791532801.205,5705,158
1791532801.233,5735,163
1791532801.262,5765,151
1791532801.295,5795,169
1791532801.324,5825,125
1791532801.352,5855,127
1791532801.385,5885,142
1791532801.414,5915,161
1791532801.442,5945,168
1791532801.475,5975,158
1791532801.503,6005,133
1791532801.532,6035,130
1791532801.565,6065,134
1791532801.594,6095,183
1791532801.622,6125,161
1791532801.655,6155,168
1791532801.684,6185,159
1791532801.712,6215,155
1791532801.745,6245,111
1791532801.774,6275,145
1791532801.803,6305,153
1791532801.835,6335,184
1791532801.864,6365,149
1791532801.893,6395,161
1791532801.926,6425,140
1791532801.954,6455,127
1791532801.983,6486,145
1791532802.016,6516,160
1791532802.044,6546,166
1791532802.073,6576,179
1791532802.106,6606,140
1791532802.134,6636,142
1791532802.163,6666,138
1791532802.196,6696,163
1791532802.224,6726,184
1791532802.253,6756,184
1791532802.286,6786,161
1791532802.314,6816,185
1791532802.343,6846,123
1791532802.376,6876,169
1791532802.405,6906,161
1791532802.434,6936,199
1791532802.462,6966,162
1791532802.495,6996,143
1791532802.524,7026,136
1791532802.552,7056,190
1791532802.585,7086,153
1791532802.614,7116,177
1791532802.642,7146,166
1791532802.675,7176,162
1791532802.704,7206,234
1791532802.733,7236,169
1791532802.765,7266,147
1791532802.794,7296,158
1791532802.823,7326,163
1791532802.855,7356,162
1791532802.884,7386,167
1791532802.913,7416,144
1791532802.946,7446,128
1791532802.974,7476,139
1791532803.003,7506,163
1791532803.035,7536,164
1791532803.064,7566,172
1791532803.093,7596,145
1791532803.125,7626,131
1791532803.154,7656,114
1791532803.183,7686,150
1791532803.216,7716,149
1791532803.244,7746,48
1791532803.273,7776,52
1791532803.306,7806,182
1791532803.334,7836,38
1791532803.363,7866,41
1791532803.392,7896,40
1791532803.425,7926,51
1791532803.453,7956,32
1791532803.482,7986,35
1791532803.515,8016,35
1791532803.543,8046,29
1791532803.572,8076,35
1791532803.601,8107,33
1791532803.634,8137,36
1791532803.662,8167,39
1791532803.691,8197,32
1791532803.723,8227,32
1791532803.752,8257,36
1791532803.781,8287,33
1791532803.813,8317,48
1791532803.842,8347,29
1791532803.871,8377,48
1791532803.904,8407,30
1791532803.932,8437,28
1791532803.961,8467,27
1791532803.994,8497,31
1791532804.023,8527,36
1791532804.051,8557,34
1791532804.084,8587,34
1791532804.113,8617,26
1791532804.141,8647,33
1791532804.174,8677,49
1791532804.203,8707,37
1791532804.232,8737,52
1791532804.264,8767,57
1791532804.293,8797,59
1791532804.321,8827,47
1791532804.354,8857,43
1791532804.383,8887,122
1791532804.416,8918,193
1791532804.444,8948,174
1791532804.473,8978,148
1791532804.506,9008,101
1791532804.534,9038,117
1791532804.563,9068,132
1791532804.596,9098,173
1791532804.625,9128,164
1791532804.653,9158,154
1791532804.686,9188,115
1791532804.715,9218,101
1791532804.744,9248,98
1791532804.772,9278,147
1791532804.805,9308,158
1791532804.833,9338,163
1791532804.862,9368,141
1791532804.895,9398,117
1791532804.923,9428,93
1791532804.952,9458,130
1791532804.985,9488,153
1791532805.014,9518,154
1791532805.042,9548,43
1791532805.071,9578,39
1791532805.104,9608,43
1791532805.133,9638,29
1791532805.162,9668,42
1791532805.194,9698,36
1791532805.223,9728,40
1791532805.251,9758,45
1791532805.284,9788,35
1791532805.313,9818,31
1791532805.341,9848,36
1791532805.374,9878,42
1791532805.403,9908,44
1791532805.431,9938,68
1791532805.464,9968,46
1791532805.493,9998,36
1791532805.521,10028,35
1791532805.554,10058,34
1791532805.583,10088,459
1791532805.612,10118,48
1791532805.645,10148,50
1791532805.673,10178,65
1791532805.702,10208,44
1791532805.735,10238,35
1791532805.763,10268,45
1791532805.792,10298,41
1791532805.825,10328,56
1791532805.853,10358,75
1791532805.882,10388,41
1791532805.915,10418,39
1791532805.943,10448,37
1791532805.972,10478,84
1791532806.001,10508,60
1791532806.033,10539,54
1791532806.062,10569,54
1791532806.095,10599,53
1791532806.123,10629,41
1791532806.152,10659,53
1791532806.185,10689,48
1791532806.214,10719,84
1791532806.243,10749,54
1791532806.275,10779,52
1791532806.304,10809,55
1791532806.333,10839,60
1791532806.365,10869,49
1791532806.394,10899,75
1791532806.423,10929,63
1791532806.456,10959,58
1791532806.484,10989,61
1791532806.513,11019,48
1791532806.545,11049,43
1791532806.574,11079,44
1791532806.603,11109,46
1791532806.631,11139,96
1791532806.664,11169,96
1791532806.693,11199,51
1791532806.721,11229,47
1791532806.754,11259,41
1791532806.783,11289,52
1791532806.812,11319,68
1791532806.845,11350,57
1791532806.873,11380,71
1791532806.906,11410,66
1791532806.935,11440,36
1791532806.963,11470,40
1791532806.996,11500,55
1791532807.025,11530,64
1791532807.053,11560,94
1791532807.082,11590,67
1791532807.115,11620,45
1791532807.143,11650,32
1791532807.172,11680,61
1791532807.205,11710,54
1791532807.233,11740,79
1791532807.262,11770,57
1791532807.295,11800,53
1791532807.324,11830,40
1791532807.353,11860,38
1791532807.385,11890,48
1791532807.414,11920,67
1791532807.443,11950,68
1791532807.475,11980,64
1791532807.504,12010,59
1791532807.533,12040,66
1791532807.565,12070,56
1791532807.594,12100,56
1791532807.623,12130,114
1791532807.651,12160,67
1791532807.684,12190,73
1791532807.713,12220,61
1791532807.741,12250,36
1791532807.774,12280,42
1791532807.803,12310,51
1791532807.831,12340,54
1791532807.864,12370,64
1791532807.893,12400,77
1791532807.922,12430,47
1791532807.954,12460,65
1791532807.983,12490,50
1791532808.012,12520,55
1791532808.045,12550,62
1791532808.073,12580,73
1791532808.102,12610,61
1791532808.135,12640,55
1791532808.163,12670,52
1791532808.192,12700,53
1791532808.225,12730,63
1791532808.253,12760,84
1791532808.282,12790,99
1791532808.311,12820,55
1791532808.343,12850,40
1791532808.372,12880,43
1791532808.401,12910,53
1791532808.434,12940,63
1791532808.463,12971,691
1791532808.495,13001,152
1791532808.524,13031,96
1791532808.553,13061,96
1791532808.585,13091,87
1791532808.614,13121,150
1791532808.643,13151,164
1791532808.675,13181,146
1791532808.704,13211,125
1791532808.733,13241,98
1791532808.762,13271,44
1791532808.794,13301,50
1791532808.823,13331,61
1791532808.851,13361,69
1791532808.884,13391,63
1791532808.913,13421,48
1791532808.942,13451,44
1791532808.974,13481,43
1791532809.003,13511,53
1791532809.032,13541,66
1791532809.064,13571,114
1791532809.093,13601,66
1791532809.122,13631,55
1791532809.154,13661,43
1791532809.183,13691,51
1791532809.212,13721,52
1791532809.244,13751,80
1791532809.273,13782,59
1791532809.306,13812,56
1791532809.335,13842,61
1791532809.363,13872,39
1791532809.392,13902,50
1791532809.425,13932,53
1791532809.453,13962,76
1791532809.482,13992,64
1791532809.515,14022,93
1791532809.544,14052,52
1791532809.572,14082,47
1791532809.605,14112,47
1791532809.634,14142,91
1791532809.663,14172,85
1791532809.695,14202,59
1791532809.724,14232,52
1791532809.753,14262,41
1791532809.785,14292,48
1791532809.814,14322,57
1791532809.842,14352,61
1791532809.871,14382,67
1791532809.904,14412,69
1791532809.933,14442,53
1791532809.961,14472,50
1791532809.994,14502,87
1791532810.023,14532,51
1791532810.051,14562,58
1791532810.084,14592,94
1791532810.113,14622,61
1791532810.142,14652,54
1791532810.174,14682,43
1791532810.203,14712,53
1791532810.232,14742,76
1791532810.264,14772,100
1791532810.293,14802,87
1791532810.322,14832,51
1791532810.354,14862,39
1791532810.383,14892,45
1791532810.412,14922,80
1791532810.444,14952,54
1791532810.473,14982,71
1791532810.502,15012,54
1791532810.535,15042,51
1791532810.563,15072,45
1791532810.592,15102,41
1791532810.621,15132,44
1791532810.654,15162,139
1791532810.682,15192,185
1791532810.715,15222,176
1791532810.744,15252,162
1791532810.772,15282,133
1791532810.805,15312,143
1791532810.834,15342,211
1791532810.863,15372,200
1791532810.895,15403,190
1791532810.924,15433,201
1791532810.952,15463,132
1791532810.985,15493,126
1791532811.014,15523,179
1791532811.042,15553,198
1791532811.075,15583,190
1791532811.104,15613,176
1791532811.133,15643,185
1791532811.165,15673,184
1791532811.194,15703,128
1791532811.223,15733,171
1791532811.256,15763,255
1791532811.284,15793,283
1791532811.313,15823,232
1791532811.346,15853,137
1791532811.374,15883,140
1791532811.403,15913,153
1791532811.436,15943,210
1791532811.464,15973,221
1791532811.493,16003,181
1791532811.526,16033,172
1791532811.554,16063,136
1791532811.583,16093,166
1791532811.616,16123,164
1791532811.645,16153,248
1791532811.673,16183,242
1791532811.706,16214,192
1791532811.735,16244,172
1791532811.764,16274,122
1791532811.792,16304,157
1791532811.825,16334,211
1791532811.854,16364,184
1791532811.882,16394,185
1791532811.915,16424,174
1791532811.944,16454,205
1791532811.972,16484,148
1791532812.005,16514,163
1791532812.034,16544,243
1791532812.062,16574,183
1791532812.095,16604,200
1791532812.124,16634,158
1791532812.152,16664,236
1791532812.185,16694,143
1791532812.214,16724,252
1791532812.243,16754,188
1791532812.275,16784,187
1791532812.304,16814,193
1791532812.333,16844,856
1791532812.366,16874,896
1791532812.394,16904,565
1791532812.423,16934,897
1791532812.456,16964,944
1791532812.484,16994,941
1791532812.513,17024,54
1791532812.542,17054,70
1791532812.574,17084,51
1791532812.603,17114,43
1791532812.632,17144,56
1791532812.664,17174,52
1791532812.693,17204,83
1791532812.722,17234,57
1791532812.754,17264,60
1791532812.783,17294,52
1791532812.812,17324,52
1791532812.845,17354,57
1791532812.873,17384,67
1791532812.902,17414,214
1791532812.935,17444,906
1791532812.964,17474,634
1791532812.992,17504,868
1791532813.025,17534,692
1791532813.054,17564,486
1791532813.082,17594,180
1791532813.111,17624,172
1791532813.144,17654,184
1791532813.172,17684,156
1791532813.201,17714,175
1791532813.234,17744,183
1791532813.262,17774,159
1791532813.291,17804,175
1791532813.324,17835,175
1791532813.353,17865,134
1791532813.385,17895,127
1791532813.414,17925,163
1791532813.443,17955,167
1791532813.476,17985,218
1791532813.504,18015,163
1791532813.533,18045,181
1791532813.566,18075,149
1791532813.594,18105,175
1791532813.623,18135,156
1791532813.656,18165,203
1791532813.684,18195,167
1791532813.713,18225,155
1791532813.746,18255,122
1791532813.774,18285,135
1791532813.803,18315,144
1791532813.836,18345,174
1791532813.864,18375,165
1791532813.893,18405,170
1791532813.922,18435,248
1791532813.954,18465,804
1791532813.983,18495,151
1791532814.012,18525,182
1791532814.045,18555,178
1791532814.074,18585,175
1791532814.102,18615,155
1791532814.135,18646,142
1791532814.164,18676,165
1791532814.192,18706,150
1791532814.225,18736,184
1791532814.254,18766,177
1791532814.282,18796,164
1791532814.315,18826,189
1791532814.344,18856,112
1791532814.372,18886,127
1791532814.405,18916,173
1791532814.434,18946,199
1791532814.462,18976,185
1791532814.495,19006,174
1791532814.524,19036,133
1791532814.553,19066,182
1791532814.581,19096,70
1791532814.614,19126,62
1791532814.643,19156,68
1791532814.671,19186,81
1791532814.704,19216,53
1791532814.733,19246,52
1791532814.762,19276,53
1791532814.794,19306,56
1791532814.823,19336,58
1791532814.852,19366,70
1791532814.884,19396,82
1791532814.913,19426,92
1791532814.942,19456,49
1791532814.975,19486,56
1791532815.003,19516,56
1791532815.032,19546,58
1791532815.064,19576,106
1791532815.093,19606,50
1791532815.122,19636,97
1791532815.155,19666,54
1791532815.184,19696,48
1791532815.212,19726,66
1791532815.241,19756,49
1791532815.274,19786,67
1791532815.302,19816,81
1791532815.331,19846,63
1791532815.363,19876,44
1791532815.392,19906,59
1791532815.421,19936,51
1791532815.454,19966,96
1791532815.482,19996,73
1791532815.511,20026,41
1791532815.540,20056,47
1791532815.572,20086,48
1791532815.601,20116,50
1791532815.630,20146,72
1791532815.663,20176,255
1791532815.691,20206,292
1791532815.724,20236,406
1791532815.753,20267,25
1791532815.782,20297,60
1791532815.814,20327,55
1791532815.843,20357,65
1791532815.872,20387,69
1791532815.904,20417,51
1791532815.933,20447,37
1791532815.961,20477,43
1791532815.994,20507,50
1791532816.023,20537,50
1791532816.051,20567,50
1791532816.084,20597,54
1791532816.113,20627,46
1791532816.142,20657,49
1791532816.174,20687,38
1791532816.203,20717,76
1791532816.232,20747,73
1791532816.265,20777,67
1791532816.293,20807,40
1791532816.322,20837,46
1791532816.351,20867,29
1791532816.383,20897,44
1791532816.412,20927,44
1791532816.441,20957,55
1791532816.473,20987,56
1791532816.502,21017,85
1791532816.531,21047,37
1791532816.563,21078,55
1791532816.592,21108,43
1791532816.621,21138,50
1791532816.654,21168,46
1791532816.682,21198,51
1791532816.711,21228,42
1791532816.744,21258,37
1791532816.773,21288,45
1791532816.801,21318,74
1791532816.834,21348,68
1791532816.862,21378,55
1791532816.891,21408,82
1791532816.924,21438,52
1791532816.953,21468,49
1791532816.982,21498,45
1791532817.014,21528,49
1791532817.043,21558,57
1791532817.071,21588,57
1791532817.104,21618,66
1791532817.133,21648,41
1791532817.161,21678,46
1791532817.194,21708,45
1791532817.223,21738,56
1791532817.252,21768,116
1791532817.284,21798,58
1791532817.313,21828,53
1791532817.342,21858,52
1791532817.371,21888,49
1791532817.403,21918,67
1791532817.432,21948,691
1791532817.461,21978,24
1791532817.494,22008,24
1791532817.522,22038,18
1791532817.551,22068,16
1791532817.584,22098,17
1791532817.612,22128,20
1791532817.641,22158,22
1791532817.669,22188,23
1791532817.702,22218,23
1791532817.731,22248,17
1791532817.759,22278,14
1791532817.792,22308,11
1791532817.821,22338,6
1791532817.850,22368,7
1791532817.882,22398,6
1791532817.911,22428,6
1791532817.940,22458,6
1791532817.969,22488,6
1791532818.001,22518,8
1791532818.030,22548,9
1791532818.063,22578,14
1791532818.091,22608,17
1791532818.124,22638,178
1791532818.153,22668,24
1791532818.181,22699,25
1791532818.214,22729,25
1791532818.243,22759,37
1791532818.271,22789,33
1791532818.304,22819,31
1791532818.333,22849,12
1791532818.361,22879,7
1791532818.390,22909,8
1791532818.423,22939,10
1791532818.452,22969,9
1791532818.481,22999,13
1791532818.513,23029,10
1791532818.542,23059,10
1791532818.571,23089,7
1791532818.603,23119,10
1791532818.632,23149,8
1791532818.661,23179,10
1791532818.694,23209,11
1791532818.722,23239,12
1791532818.751,23269,7
1791532818.779,23299,9
1791532818.812,23329,10
1791532818.841,23359,12
1791532818.869,23389,11
1791532818.902,23419,12
1791532818.931,23449,12
1791532818.960,23479,10
1791532818.992,23510,8
1791532819.021,23540,13
1791532819.054,23570,17
1791532819.082,23600,14
1791532819.111,23630,14
1791532819.144,23660,11
1791532819.173,23690,9
1791532819.201,23720,10
1791532819.234,23750,11
1791532819.263,23780,15
1791532819.291,23810,14
1791532819.324,23840,15
1791532819.353,23870,9
1791532819.381,23900,11
1791532819.414,23930,12
1791532819.443,23960,13
1791532819.471,23990,11
1791532819.504,24020,16
1791532819.533,24050,12
1791532819.562,24080,9
1791532819.591,24110,10
1791532819.623,24140,15
1791532819.652,24170,13
1791532819.681,24200,16
1791532819.713,24230,15
1791532819.742,24260,12
1791532819.771,24290,10
1791532819.803,24320,28
1791532819.832,24350,29
1791532819.861,24380,28
1791532819.889,24410,35
1791532819.922,24440,35
1791532819.951,24470,24
1791532819.979,24500,27
1791532820.012,24530,30
1791532820.041,24560,26
1791532820.069,24590,37
1791532820.102,24620,29
1791532820.131,24650,25
1791532820.160,24680,25
1791532820.192,24710,22
1791532820.221,24740,39
1791532820.250,24770,36
1791532820.282,24800,26
1791532820.311,24830,14
1791532820.340,24860,15
1791532820.373,24890,11
1791532820.401,24920,11
1791532820.430,24950,14
1791532820.463,24980,18
1791532820.491,25010,16
1791532820.520,25040,17
1791532820.553,25070,11
1791532820.581,25100,11
1791532820.610,25131,11
1791532820.643,25161,12
1791532820.672,25191,17
1791532820.700,25221,15
1791532820.733,25251,13
1791532820.762,25281,11
1791532820.790,25311,9
1791532820.823,25341,12
1791532820.852,25371,14
1791532820.881,25401,15
1791532820.913,25431,14
1791532820.942,25461,13
1791532820.971,25491,10
1791532821.004,25521,12
1791532821.032,25551,13
1791532821.061,25581,14
1791532821.089,25611,14
1791532821.122,25641,15
1791532821.151,25671,15
1791532821.180,25701,11
1791532821.212,25731,12
1791532821.241,25761,15
1791532821.270,25791,15
1791532821.302,25821,15
1791532821.332,25851,14
1791532821.360,25881,17
1791532821.393,25911,10
1791532821.421,25942,15
1791532821.454,25972,14
1791532821.482,26002,13
1791532821.511,26032,15
1791532821.544,26062,12
1791532821.573,26092,12
1791532821.601,26122,13
1791532821.634,26152,13
1791532821.663,26182,13
1791532821.691,26212,15
1791532821.720,26242,14
1791532821.753,26272,12
1791532821.781,26302,11
1791532821.810,26332,10
1791532821.843,26362,12
1791532821.872,26392,15
1791532821.900,26422,14
1791532821.933,26452,13
1791532821.962,26482,11
1791532821.990,26512,11
1791532822.023,26542,15
1791532822.052,26572,12
1791532822.080,26602,13
1791532822.113,26632,14
1791532822.142,26662,15
1791532822.171,26692,12
1791532822.199,26722,12
1791532822.232,26752,13
1791532822.261,26782,13
1791532822.289,26812,15
1791532822.322,26842,13
1791532822.351,26872,10
1791532822.380,26902,11
1791532822.412,26932,12
1791532822.441,26962,12
1791532822.470,26992,15
1791532822.502,27022,14
1791532822.531,27052,12
1791532822.560,27082,12
1791532822.592,27112,10
1791532822.621,27142,12
1791532822.650,27172,13
1791532822.682,27202,14
1791532822.711,27232,14
1791532822.740,27262,12
1791532822.773,27292,11
1791532822.801,27322,15
1791532822.830,27352,12
1791532822.863,27382,13
1791532822.891,27412,13
1791532822.920,27442,14
1791532822.953,27472,11
1791532822.982,27502,11
1791532823.010,27532,10
1791532823.043,27563,13
1791532823.072,27593,14
1791532823.100,27623,13
1791532823.133,27653,12
1791532823.162,27683,13
1791532823.190,27713,11
1791532823.223,27743,12
1791532823.252,27773,12
1791532823.280,27803,15
1791532823.313,27833,12
1791532823.342,27863,12
1791532823.371,27893,12
1791532823.399,27923,13
1791532823.432,27953,12
1791532823.461,27983,14
1791532823.489,28013,14
1791532823.522,28043,13
1791532823.551,28073,12
1791532823.580,28103,12
1791532823.612,28133,14
1791532823.641,28163,13
1791532823.670,28193,12
1791532823.702,28223,16
1791532823.731,28253,11
1791532823.760,28283,14
1791532823.792,28313,11
1791532823.821,28343,12
1791532823.850,28374,13
1791532823.882,28404,14
1791532823.911,28434,12
1791532823.940,28464,14
1791532823.973,28494,13
1791532824.001,28524,13
1791532824.030,28554,12
1791532824.063,28584,14
1791532824.092,28614,12
1791532824.121,28644,13
1791532824.153,28674,13
1791532824.182,28704,11
1791532824.211,28734,13
1791532824.243,28764,12
1791532824.272,28794,14
1791532824.300,28824,16
1791532824.333,28854,11
1791532824.362,28884,12
1791532824.390,28914,12
1791532824.423,28944,14
1791532824.452,28974,12
1791532824.481,29004,16
1791532824.513,29034,14
1791532824.542,29064,11
1791532824.571,29094,10
1791532824.599,29124,12
1791532824.632,29154,12
1791532824.661,29184,14
1791532824.690,29214,15
1791532824.722,29244,15
1791532824.751,29274,10
1791532824.780,29304,13
1791532824.812,29334,11
1791532824.841,29364,14
1791532824.870,29394,15
1791532824.902,29424,12
1791532824.931,29454,12
1791532824.960,29484,12
1791532824.992,29514,13
1791532825.021,29544,13
1791532825.050,29574,14
1791532825.083,29604,15
1791532825.111,29634,14
1791532825.140,29664,11
1791532825.173,29694,12
1791532825.202,29724,12
1791532825.230,29754,13
1791532825.259,29784,13
1791532825.292,29814,13
1791532825.320,29844,15
1791532825.349,29874,12
1791532825.382,29904,14
1791532825.410,29934,12
1791532825.439,29964,14
1791532825.472,29995,15
1791532825.500,30025,16
1791532825.533,30055,12
1791532825.562,30085,11
1791532825.590,30115,11
1791532825.623,30145,13
1791532825.652,30175,12
1791532825.681,30205,15
1791532825.714,30235,14
1791532825.742,30265,13
1791532825.771,30295,12
1791532825.800,30325,12
1791532825.832,30355,13
1791532825.861,30385,13
1791532825.890,30415,14
1791532825.923,30445,14
1791532825.951,30475,11
1791532825.980,30505,13
1791532826.012,30535,12
1791532826.041,30565,14
1791532826.070,30595,13
1791532826.102,30625,15
1791532826.131,30655,13
1791532826.160,30685,11
1791532826.193,30715,12
1791532826.221,30745,14
1791532826.250,30775,13
1791532826.283,30806,14
1791532826.312,30836,15
1791532826.340,30866,12
1791532826.373,30896,11
1791532826.401,30926,13
1791532826.431,30956,11
1791532826.463,30986,14
1791532826.492,31016,16
1791532826.520,31046,15
1791532826.553,31076,14
1791532826.582,31106,11
1791532826.610,31136,12
1791532826.643,31166,14
1791532826.672,31196,13
1791532826.700,31226,15
1791532826.733,31256,13
1791532826.762,31286,12
1791532826.791,31316,10
1791532826.823,31346,13
1791532826.852,31376,14
1791532826.881,31406,14
1791532826.909,31436,13
1791532826.942,31466,14
1791532826.971,31496,9
1791532827.000,31526,13
1791532827.032,31556,12
1791532827.061,31586,16
